{"loss": [0.007125362803093424, 3.7326120008125936e-05, 1.1207644540217366e-05, 5.0824619504066684e-06, 2.731490692329078e-06, 1.6048554082937988e-06, 9.929441939390897e-07, 6.377732756966464e-07, 4.1986233464003837e-07, 2.8129390474706196e-07], "acc": [95.6995699569957, 100.0, 100.0, 100.0, 100.0, 100.0, 100.0, 100.0, 100.0, 100.0], "eval": [7.953082435507394e-05, 1.771388852379505e-05, 7.184000775704302e-06, 3.6433563157182346e-06, 2.0738589380941266e-06, 1.256263911343747e-06, 7.944967117848899e-07, 5.201122723057005e-07, 3.4259625959485286e-07, 2.293061044818567e-07], "eval_acc": [100.0, 100.0, 100.0, 100.0, 100.0, 100.0, 100.0, 100.0, 100.0, 100.0], "best": 100.0}