{"loss": [0.01698765143098617, 0.0003945849515605356, 8.593786715247919e-05, 3.50678749353622e-05, 1.791047426729309e-05, 1.0219285793169288e-05, 6.207325309001556e-06, 3.930287794094521e-06, 2.5560469429669804e-06, 1.6955362541763664e-06], "acc": [87.24872487248724, 100.0, 100.0, 100.0, 100.0, 100.0, 100.0, 100.0, 100.0, 100.0], "eval": [0.0010769568858343143, 0.00014428717924086545, 5.075698650551692e-05, 2.412153298955689e-05, 1.3280556066985718e-05, 7.851889925611725e-06, 4.899055714551948e-06, 3.146652333164537e-06, 2.0635731280571294e-06, 1.3861550241533183e-06], "eval_acc": [100.0, 100.0, 100.0, 100.0, 100.0, 100.0, 100.0, 100.0, 100.0, 100.0], "best": 100.0}