{"loss": [0.042216489712397255, 0.0421457359320832, 0.042119052990971476, 0.042189254619107386, 0.042126740148179784, 0.04207229714999736, 0.04208183450715067, 0.04208632067616361, 0.04210180013772785, 0.0420744016428258], "acc": [60.10601060106011, 60.11601160116011, 60.10601060106011, 60.10601060106011, 60.10601060106011, 60.10601060106011, 60.10601060106011, 60.10601060106011, 60.10601060106011, 60.10601060106011], "eval": [0.04231069959846899, 0.04220883090897362, 0.04241374840508915, 0.04211847581128047, 0.0421952552849775, 0.04214093185970933, 0.0421530594347906, 0.0421218435839899, 0.04214269886709283, 0.04217062394420366], "eval_acc": [59.79597959795979, 59.79597959795979, 59.79597959795979, 59.79597959795979, 59.79597959795979, 59.79597959795979, 59.79597959795979, 59.79597959795979, 59.79597959795979, 59.79597959795979], "best": 59.79597959795979}