{"loss": [0.030660140287778963, 0.000900520311535509, 0.00011952673749599007, 4.547124609851515e-05, 2.2532000711797053e-05, 1.2633636713004948e-05, 7.611439467491311e-06, 4.790589777727702e-06, 3.109142831699125e-06, 2.0583947049920144e-06], "acc": [76.24762476247625, 100.0, 100.0, 100.0, 100.0, 100.0, 100.0, 100.0, 100.0, 100.0], "eval": [0.00384426157813881, 0.00021181501018678663, 6.705613422448491e-05, 3.070192507908537e-05, 1.6433076511630558e-05, 9.648498902673426e-06, 5.968315446100971e-06, 3.831878482646779e-06, 2.5158338765869174e-06, 1.678283106756733e-06], "eval_acc": [100.0, 100.0, 100.0, 100.0, 100.0, 100.0, 100.0, 100.0, 100.0, 100.0], "best": 100.0}